"local_path","source","retrieved_at","sha256","bytes"
"crossref/10_1002_fut_22425.json","https://doi.org/10.1002/fut.22425","2026-08-29","fec9d35f12672c4086ff325a5da68a21e682999f3f02d0a081244dc468dcfea4","6318"
"crossref/10_1007_s12525-024-00715-1.json","https://doi.org/10.1007/s12525-024-00715-1","2026-08-29","c5904eb327c2d7102cb858bc4ddca66a49e7ea2c597fb07f1e2bb2512475037e","17478"
"crossref/10_1016_j_finmar_2026_101047.json","https://doi.org/10.1016/j.finmar.2026.101047","2026-08-29","65bbd04f43ad60676fad48403e1474edb104cbc045a808d859dab54eb2afce30","17898"
"crossref/10_1016_j_frl_2025_107879.json","https://doi.org/10.1016/j.frl.2025.107879","2026-08-29","1e4064c35ec2831fd02ce09a10d86aa2857870a38d86c764781733838db9d824","9729"
"crossref/10_1016_j_jbankfin_2022_106547.json","https://doi.org/10.1016/j.jbankfin.2022.106547","2026-08-29","6047dde5bb5b3b37c8c1f6b295602d110c85964f58341d7340f5e43118f60e15","16586"
"crossref/10_1016_j_jbef_2023_100833.json","https://doi.org/10.1016/j.jbef.2023.100833","2026-08-29","41974de58616d3a69b5e189e5b0c0d61210459f494806bc4f76dcb62208bffd8","14839"
"crossref/10_1016_j_mulfin_2022_100729.json","https://doi.org/10.1016/j.mulfin.2022.100729","2026-08-29","6797ba07c7c2a2e92272fa3d543ca71c10c48b5cd5a007316000f47e45265e09","17032"
"crossref/10_1017_s0022109024000747.json","https://doi.org/10.1017/s0022109024000747","2026-08-29","23112585e7ec44c9673922f5c7a45b0c7f2e4d1ad4e87e2623c94c7d4ec8c230","39632"
"crossref/10_1080_07350015_1995_10524599.json","https://doi.org/10.1080/07350015.1995.10524599","2026-08-29","70b5e128d8b3df0ab045ad8bc1723554630689908f4281af48ddc44d38c0615b","9393"
"crossref/10_1109_tbdata_2025_3593370.json","https://doi.org/10.1109/tbdata.2025.3593370","2026-08-29","66fe9867d1c1e4edde329bc67ee865aba3554c8c36089c9fe635443f220c59c5","11379"
"crossref/10_1111_0022-1082_00163.json","https://doi.org/10.1111/0022-1082.00163","2026-08-29","075c5330f60414c4aa4840abd54061450746d2e34867deff348e9329054f6e33","7532"
"crossref/10_1111_1468-0262_00152.json","https://doi.org/10.1111/1468-0262.00152","2026-08-29","b3b8d5073c9c29e91dc7541e37eb29bbfabff10f3e9cedf585827a325cbf604d","12088"
"crossref/10_1111_fima_12491.json","https://doi.org/10.1111/fima.12491","2026-08-29","2e3f2f30a3e1104eee00a6929f62b814ad951980bfb1c5cc6004137a9730cccc","14204"
"crossref/10_1111_jofi_13119.json","https://doi.org/10.1111/jofi.13119","2026-08-29","9be52608138be44999483a1b9d1c711c51bb9957df8c1ac7bb70704407e099db","11657"
"crossref/10_1111_mafi_70018.json","https://doi.org/10.1111/mafi.70018","2026-08-29","ffbe645aebb1a041dbd0f5987e3068bd7150ed0e8f7760182b023af83435a825","10630"
"crossref/10_1145_3637528_3671801.json","https://doi.org/10.1145/3637528.3671801","2026-08-29","1f9cbf03b48fc3f52bed143d78abc09f389e7587032c67cc38d692d132681f7e","21330"
"crossref/10_1198_073500105000000063.json","https://doi.org/10.1198/073500105000000063","2026-08-29","565898c3c895650a4fd2e29e637e810c1e84443e96803bb894ebfd0b4798cec7","5601"
"crossref/10_3905_jpm_2014_40_5_094.json","https://doi.org/10.3905/jpm.2014.40.5.094","2026-08-29","4d81a7ce8e13719d2a500f99b778995caa95e0b8b5b92521f9820bda4332bbcb","4662"
"datacite/cryptovision_v2.json","https://doi.org/10.17632/3c3xtxtfb6.2","2026-08-29","f8eaf479975a9926ac42d27bd022a9bcab5a8fa707438ce0000cacb200b2cf94","11834"
"publisher/bybit_v5_funding_history.html","https://bybit-exchange.github.io/docs/v5/market/history-fund-rate","2026-08-29","644fc7e3278d9dc18f4ab11d0ffdffbbbd58ccc6dc6b4d4511cc34168c292981","73398"
"publisher/bybit_v5_instruments_info.html","https://bybit-exchange.github.io/docs/v5/market/instrument","2026-08-29","e8187b6ac18ef2cadfaf6963de32462c147ecb04f09f8a52dbcec730d468188a","223911"
"publisher/bybit_v5_kline.html","https://bybit-exchange.github.io/docs/v5/market/kline","2026-08-29","2df3744c0e77348ca294a4a1dafcb34f981555fb06df435304d5cbae2af1f533","81249"
"publisher/cryptovision_v2_mendeley.html","https://data.mendeley.com/datasets/3c3xtxtfb6/2","2026-08-29","28481eadf6dfe7bcc4e1f4daed822162e23bedf312be2058b4d02612990392b5","129343"
"publisher/t18_nber_perpetual_futures_pricing.html","https://www.nber.org/papers/w32936","2026-08-29","f2c8b49a3f6e86ca1d752d79b88a28f6ab85720248bafbba3e34f2f550c9af72","87945"
"publisher/t18_nber_perpetual_futures_pricing.pdf","https://www.nber.org/papers/w32936","2026-08-29","7c38309877f45951c6db20404cae46b92fc1a75d3359d8a81b1f432ed74e0ab9","407282"
"publisher/t19_springer_perpetual_cex_dex.html","https://link.springer.com/article/10.1007/s12525-024-00715-1","2026-08-29","32ed63159c77e21ee19ca1b9aa3213ccf0218eb59539560b132a8e68ef0e18ea","3038"
"README.md","","2026-08-29","53801175d7466fd51375ca3b101a0b9196defc4e3d1655b60fd958f72b9e1f2c","753"
"bitcoin_news_mouadja02_v12_1/commit_main.json","https://api.github.com/repos/mouadja02/bitcoin-news-data/commits/main","2026-09-06","8d6b7e079752a9927a2bc313c38f838971bd954edbdb73ba07f157efa2d23464","5190"
"bitcoin_news_mouadja02_v12_1/tree.json","https://api.github.com/repos/mouadja02/bitcoin-news-data/git/trees/29a72033d4e5d4f446e1971a185fcb8300048fe5?recursive=1","2026-09-06","b520d9a98277c016fd0b77a59449f5c323c032f51be949577482dafe311073ec","1351"
"bitcoin_news_mouadja02_v12_1/README.md","https://raw.githubusercontent.com/mouadja02/bitcoin-news-data/29a72033d4e5d4f446e1971a185fcb8300048fe5/README.md","2026-09-06","9cc75d5442ac16b0083918465a616a5d0d0c1db781e144e08824e9205f2cb36f","5068"
"bitcoin_news_mouadja02_v12_1/LICENSE","https://raw.githubusercontent.com/mouadja02/bitcoin-news-data/29a72033d4e5d4f446e1971a185fcb8300048fe5/LICENSE","2026-09-06","af46f7348118351fcd85da217ba8e4dcb952a7160e825e218dd579e67d54da96","1071"
"bitcoin_news_mouadja02_v12_1/bitcoin-news.parquet.lfs-pointer","https://raw.githubusercontent.com/mouadja02/bitcoin-news-data/29a72033d4e5d4f446e1971a185fcb8300048fe5/bitcoin-news.parquet","2026-09-06","cf598dcdffc09bfe5e0d23bed39b4114d9168c361f2858ba506192d0c90a543c","131"
"bitcoin_news_mouadja02_terms_v12_1/guardian_open_platform_terms.html","https://www.theguardian.com/open-platform/terms-and-conditions","2026-09-06","89c7daa8f6c84489953108f74172fd870ac49c305590dcb95076d12b438514d6","284946"
"bitcoin_news_mouadja02_terms_v12_1/finnhub_terms.html","https://finnhub.io/terms-of-service","2026-09-06","51f526f1de067c848089e1a3b84e62068f2e9c22c6ad68dd1f04bba69abe4433","16106"
"bitcoin_news_mouadja02_terms_v12_1/alphavantage_terms.pdf","https://www.alphavantage.co/terms_of_service/","2026-09-06","88ed3d22fe0f3624e76e53a210db3498b4a90712ab0d934356cc84b19ed1468a","156583"
